,acc,val acc,loss,val loss,Batch_size
0,0.8385166525840759,0.845300018787384,0.4886156916618347,0.47436246275901794,32
1,0.8433833718299866,0.8521000146865845,0.46020734310150146,0.4824007451534271,64
2,0.8578166961669922,0.859000027179718,0.40639206767082214,0.3968668282032013,100
3,0.8532833456993103,0.8623000383377075,0.40800586342811584,0.4029020667076111,150
4,0.8570500016212463,0.8597000241279602,0.3958638310432434,0.3903772234916687,200
5,0.8568166494369507,0.8633000254631042,0.39238154888153076,0.3921598196029663,300
6,0.839983344078064,0.8614000678062439,0.4367930591106415,0.4087781012058258,500
7,0.8258833289146423,0.8398000597953796,0.47284936904907227,0.43757447600364685,1000
